#,Review,Sentiment Score,Sentiment,,,,
1,"Rarely have we experienced something so unprofessional. The house was purchased and was previously insured with Uniqa. As required, I informed you via the contact form, I am the new owner, attached the purchase contract. No Answer. Called after a few days, ""please write to us again, I don't see anything here."" Written again, again no answer, but always automatic. Confirmation email. After three calls it worked. Now that we are in the land register we can cancel, even circus. Already sent three cancellations and received the email ‚ÄúWe welcome you as a new customer‚Äù twice. Great. They don't see me anymore.",-0.98,Negative,,,,
2,"Incompetent staff who do not put names or signatures on their mostly negative letters. Justified claims are rejected based on technically and factually incorrect reasons. The only option left is to file a lawsuit. Older people who, for example, have an accident while on a spa (several rib fractures) due to a lack of care are denied any compensation for pain and suffering.",-0.94,Negative,,,,
3,For me they are criminals. I have business interruption insurance that I had to take advantage of. Very incompetent staff. You can't reach anyone and no one is responsible. I've now been waiting a month for the business interruption compensation and I'm sure it will take even longer than the first business interruption. I also canceled the insurance and was charged a premium discount of 480 euros. HANDS OFF THIS INSURANCE!!!!!!!,-0.97,Negative,,,,
4,"Stay away from this insurance I had a torn ligament in April 2021 and accident insurance with direct benefits. It's November and I haven't received any money, I'm trying to reach them right now I should just wait! cheekiness!!",-0.91,Negative,,,,
5,Remuneration is repeatedly refused and only paid after repeated inquiries - either the staff is not that capable or they are just trying to save money.,-0.89,Negative,,,,
6,"As long as you pay in, everything is OK, but if you have any damage, the problems start. You keep making new excuses so you don't have to pay anything, suddenly, according to Uniqa, exactly this damage is not insured. I will now do all mine Cancel insurance (10 contracts) and choose a reputable insurance company!!!!",-0.9,Negative,,,,
7,"If one assumes that insurance is ""insurance"", then this is definitely the wrong address. For months we have not been paid for the damage amounting to almost 40,000 euros after a nasty break-in. This was the last time that I signed a UNIQA insurance contract and others should also consider this. It's unbelievable how you treat a victim.",-0.98,Negative,,,,
8,"I have household and legal protection with Uniqa. Legal protection left me in the lurch with a wet apartment because it must have been broken beforehand, they say. Yes, that's exactly why I wanted legal protection so that I could defend myself. The liability insurance also didn't pay when my colleague dropped my glasses because it happened at work. Thank you Uniqa for NOTHING AND GARNIX. I'm a single parent with 2 minors, I thought I had support, but this turned out to be additional worry, phone calls, discussions, money being thrown away. My advisor also did little or nothing, she said I should call, I should write an email.",-0.97,Negative,,,,
9,"After paying in monthly for over 15 years (I'll call the sum of the deposits 100%), I get around 87% out of my premium-subsidized future provision... I thought this was financial provision for me and not for UNIQA. With such performances I will speculate again in the future and advise others to do the same.",-0.94,Negative,,Word,Frequency,
10,"It has now been 5 months since I had water damage. To date I have not received any money for the repair. Almost no one can ever be reached by phone. Forever in the wading queue. Emails are not answered. I never received anything in writing by post either. If you are lucky enough to reach an employee, there will be neither an apology nor a certain level of friendliness. This is how we deal with customers who have been with us for decades. Don't think that my next insurance deals will be with Uniqa.",-0.99,Negative,,the,285,
11,"Life insurance canceled, called about payout amount. The amount paid out was more than 1000 less than what I was told. Not a single written bill received. People like to be ripped off here, it's simply dubious.",-0.97,Negative,,i,186,
12,"Cancellation was not processed!!! On March 24th, 2023 I submitted 2 notices of termination. Since I didn't receive any confirmation of my cancellation by mail, I called them. Conclusion: ""Unfortunately the cancellation was not forwarded, I have now done it for you. By chance I found out almost 2 months later that my cancellation had simply not been processed further!! That is an absolute disgrace!!",-0.98,Negative,,to,168,
13,"They are always punctual when it comes to monthly debits, but when it really comes down to it and you really need to claim reimbursement for medical costs after several years, you suddenly need months. Not to mention that you have to run 100 times after customer service, which is almost impossible to reach anyway.",-0.94,Negative,,and,147,
14,"Customer service very poor, insurance was canceled without our knowledge. Uniqa says they sent us a letter, but we never received it. I then wanted to have a conversation with a consultant, but he was very angry and unfriendly. I'm now waiting for a call from the head office, to whom I have now written a letter of complaint.",-0.92,Negative,,a,136,129
15,Praise the competent UNIQA consultants. They advise and look after their customers. Solutions that do not necessarily have anything to do with UNIQA insurance are also discussed and considered. They cannot do anything about the inflation-related increase in premiums.,0.86,Positive,,insurance,129,
16,"Never again!!! Even though we had the best health insurance, we were not allowed to pay anything but pay and they neither paid for my therapy nor the medication. They didn't pay for my husband's treatment and then claimed that he had problems with his intervertebral discs before the contract began. The pain he had before was only there after a skiing accident and was treated by his",-0.91,Negative,,you,103,
17,"doctor. She didn't tell my husband that he had something with his intervertebral discs, but only the company doctor who then sent him for an examination (but it was after the contract had started). Uniqua didn't pay anything and then terminated all three of us without giving any reasons. We only found out about this after we asked. Our daughter, who was already a customer, was also terminated. NEVER AGAIN!!!!!!",-0.99,Negative,,of,91,
18,"Very discreet when concluding a contract. Insured for 20 years, nothing has ever happened. Injured for the first time in 20 years and Uniqa is only causing problems with the payout even though everything is clear. Been waiting for my money for 3 months. All documents are reliably sent to Uniqa immediately upon receipt. All documents are requested again and again so that payment can be postponed. Really sad.",-0.99,Negative,,for,90,
19,My advisor promises me things that he can't keep. The people at headquarters have no idea about accounting. I would advise anyone not to take out legal protection with Uniqa!,-0.94,Negative,,that,89,
20,"It's better to throw your money into the Danube! I've paid contributions for almost 15 years - zero insurance benefits for legal protection, or IT damage in the business liability insurance - only direct debits taken from my account. Why this insurance company is still allowed to operate in Austria and is supposedly the ‚Äúmost popular insurance company‚Äù of all Austrians is 100% incomprehensible to me!",-0.99,Negative,,in,85,
21,"HIPS to your company. As a long-time customer, I welcome your decision to withdraw your business from Russia. EXCELLENT. Some people like RBI could take an example.!!!Heinz and Herta Lumpe.",0.97,Positive,,with,79,
22,Simply a mess! Certificates were knowingly assessed incorrectly and you are expected to pay even more!? But these people at Uniqa can do something like this to me... I'll cancel everything there with immediate effect and arrange for all data to be deleted.,-0.96,Negative,,is,77,
23,"My wife comes in almost every day either crying or in an absolutely bad mood because she is constantly being insulted, harassed and humiliated. One colleague doesn't even respond to her greeting, ""Good morning."" I can't imagine something like that... but unfortunately it's the bitter reality. Where are your values, Uniqa?",-0.99,Negative,,uniqa,73,
24,"If you have been a customer for years (personal + property insurance), I don't expect to receive a cancellation of your car insurance without an offer of a premium increase or something similar - and if so, then with a certain lead time and not with a 4-week notice period! Thank you - I came not to stay - never ever!",-0.94,Negative,,was,71,
25,"I was literally ripped off. Invoices haven't been paid back for over a year, you don't get proper answers to inquiries and, last but not least, I was terminated without notice and am stuck with these costs. Never again UNIQA, pure rip-off at the highest level!",-0.99,Negative,,have,70,
26,"Unfortunately, it wasn't any different for me, according to many people. Have legal protection insurance extended to include labor law. I now have a claim and Uniqa refuses to cover it. I canceled my vacation. I will contact my lawyer and file a lawsuit. I will also use my relationships with RTL to exert a bit of media pressure. The legal representation of Uniqa can then also express itself to the media. This is the third time benefits have been denied. I've been with this club for a little while, but now it's enough. Although somehow the foreign seminars for field staff in Barcelona etc. also have to be paid for. Ladies and gentlemen, we see and hear each other.",-0.98,Negative,,not,66,
27,"Lousy customer service!!! It's rare to reach someone who has an idea of what they have to do. I have now canceled for the 4th time and the debits are still being made diligently, I have changed my address several times and reminders are still being sent to my old address. If you try to explain to them that a motor vehicle verse is not necessary because there is no motor vehicle, you are talking to mindless puppets who say yes and amen but forget what they have to do after the conversation. I refer to the title.",-0.97,Negative,,my,65,
28,"I do not know where to start. From things that are kept secret at the time of closing or can only be found in tiny detail in the terms and conditions, to catastrophic claims settlement. It makes your life hell. Everything is infinitely complicated. They also talk about great innovations and digitalization, but in the end there are only a few PDFs that you have to print out and scan again. Not to mention the confusing policies. The customer is still a real idiot here!",-0.99,Negative,,it,61,
29,"I am very disappointed with this insurance, I recently had to call for a helicopter in difficult terrain because my 5 year old son was stung by a wasp and had an allergic reaction to it. Although I took out private family insurance, which I have been paying for for a long time (very expensively), I was left with the cost of ‚Ç¨4,300 just because there was a new adjustment. In my opinion, it's a complete rip-off and a waste of time if you have to submit everything first and only then get a rejection. Not even the ‚Ç¨24 in hospital costs were covered, which my wife had to pay because she was accompanied. Thank you dear UNiQAüò°",-0.98,Negative,,t,59,
30,"Pure rip-off and a lot of promise! Was insured with Reifeeisen Uniqua and would like to warn everyone that you are throwing away the money for nothing! I was given incorrect advice and I had damage that they didn't want to replace, but I was insured! PEOPLE HANDS AWAY, WASTE MONEY.",-0.99,Negative,,are,56,
31,"Unfortunately, I was unlucky enough to have gotten a bad advisor and had a lot of trouble canceling my cross-border commuter insurance. The star deduction is for the lousy consultant. I also overreacted a little out of panic. Uniqa in Vienna did their best, reacted and helped me very quickly",-0.98,Negative,,they,46,
32,"I can only agree with the previous speakers here. I moved and forgot to enter my new address in the portal, but I told my customer advisor about this by phone beforehand. The payment request by payment slip was always sent to my old address for months. Instead of being contacted by customer service or my supervisor (email and phone number remained the same), Uniqa hired a lawyer. This letter was not sent to me personally - it is probably too laborious for the officials to look in the central master data register - but to my new employer. Data protection is zero. When I asked why there wasn't a different reaction here, the answer was that such cases are always automated and there is no human influence on them... That's not customer service! So I had the pleasure of paying ‚Ç¨200 more (interest and processing fee for the lawyer). Thanks for nothing Uniqa. Stay away from this insurance.",-0.99,Negative,,no,45,
33,"I sent a request by email at the beginning of October 2020 and have responded regularly since then. Apart from the automatic return email (confirmation that the request was received), I didn't receive a single answer. Today is December 1st, 2020! What's going on with you? Not very trustworthy!!!",-0.98,Negative,,this,45,
34,"During the consultation you are led to believe that everything is insured. If there is actual damage, you will either receive no answer or an unfounded rejection. But you can always pay on time!",-0.95,Negative,,only,42,
35,"I have had several different insurance companies in Austria for 30 years. I can only describe Uniqa as an honest insurance company. I have been a Uniqa customer since 2010 and have always been very satisfied with the contracts and service! I have an example. So, I took out life insurance for two people in 2010 (annual premium 481, contract 95,000 euros) because of a loan. After 10 years I paid back the loan and canceled my life insurance. Now I have a credit (for repurchase of my life insurance) from 2016 euros received!! I have never heard of any insurance company paying back such credits!! UNIQA IS THE BEST INSURANCE IN AUSTRIA.",0.99,Positive,,from,40,
36,"Although I have optimal legal protection insurance, UNIQA refuses any cover. Unfortunately, when I contact my advisor, he doesn't do anything. I will never take out legal protection insurance with UNIQA again.",-0.98,Negative,,out,40,
37,"The insurance company's delaying tactics are already film-worthy. We have been waiting since May for our business interruption insurance to be paid out. The requested documents have apparently not been received, processing is delayed due to the large number of applications, etc. There are only no problems with collecting the contributions, which is lucky for Uniqua",-0.99,Negative,,but,38,
38,"You have to be careful here, as long as you sign a contract and pay without me and effort, the service is great. But as soon as you are afraid of your commission, you will only be helped with effort and you can feel the rejection towards you. For Unfortunately, it is no longer an option for me to generally stay with Uniqua.",-0.97,Negative,,on,38,
39,"Very bad advisors and insurance doesn't care at all. This can only be uncertainty, not insurance.",-0.97,Negative,,s,36,
40,"I had an interview with three people in which I also answered all the questions, and one interviewee with Austrian origin was jealous when he saw that I knew more than him and he tried to put me down with other questions like: Laugh you? Can you work under stress etc.? The third man said yes, you can start from August 1st. They then organized a second interview. There were only two partners (except the interviewee who said that I can participate from August 1st), and in the second interview when I answered the questions, the two interviewees did not turn on the camera at the beginning (such an unprofessional behavior) I realized they wanted to get rid of me, then after answering 3 questions the connection was disconnected and I tried to reconnect, they wouldn't let me in. After that, I asked for a face-to-face meeting, went there and answered all the Scrum questions. People were quiet again when they first heard about Scrum, they didn't work in Scrum, that was obvious, but the partner of Austrian descent tried to belittle me again, I felt so much negative energy from him because he was jealous that I knew more than him.",-0.99,Negative,,be,36,
41,"I took out additional health insurance with Uniqua. In over a whole year, I only saw a total of three doctors whose fees were quite reasonable (under ‚Ç¨100 on average). Uniqua then carried out an insurance medical examination and then, on the third visit just mentioned, accused me of violating my obligation to report because I went to my family doctor for headaches two years ago and then went to a neurologist two years later. It was an impudence that I did I pay a premium every month for 12 months, only to have an examination like this carried out at the end (it took 5 months!!!) and then, because of a single visit to the doctor, I am told that I have concealed medical complaints in order to avoid a higher premium . Shame!!",-0.98,Negative,,an,35,
42,"Even though I sold the house, it was not possible to cancel the insurance. As the only way out, I was forced to reveal the name and address of the successor owner.",-0.95,Negative,,can,34,
43,"If that's true with this 2G crazy regulation for employees, that's it with the insurance from Uniqua for my family and relatives... That would probably be complete horror......",-0.97,Negative,,if,34,
44,"Highly incompetent, won't let you give notice even though it's been a long time since you moved house. Continue to collect money. Thank you UNIQA, never again!",-0.98,Negative,,by,33,
45,"I have been with Uniqua in Austria for a very, very long time and am very satisfied with it. Two cases of damage were covered without any problems. However, I am fortunate to have a really good insurance broker who has now become self-employed. We are on a first-name basis. I can only recommend Uniqua Austria.",0.99,Positive,,had,32,
46,Highly criminal organization at Uniqa Ukraine. They ignore local and international agreements and laws and do not pay the full liability damages. They only have seminar-trained staff who have no idea about insurance but sponsor the invoices of their experts from SZU (German company) with a branch in Ukraine. They ignore everything and take nothing seriously.,-0.99,Negative,,after,28,
47,"Uniqa, the unattainable...I wanted to adjust the value of an existing accident insurance contract at the end of 2019, i.e. reduce it, and had requested this several times in writing by email. Instead, I was pressured to sign a new contract, which would not only have been more beneficial compared to the old contract, but would also have been significantly more expensive compared to the competition. Uniqa was quite stubborn about not hearing about a refund from the old contract for premiums that had been paid too much and only after long, months-long correspondence and several final grace periods was an amicable arrangement reached.",-0.98,Negative,,me,28,
48,"I wouldn't give any stars if I could. Notice of termination was sent in a timely manner (household) and extended by the office until the deadline was over. Pay insurance for a year even though we moved out a long time ago. Impudence, stubborn. No more !!",-0.99,Negative,,been,28,
49,"If you have a problem and want to inquire about something unclear, as in my case (I was promptly debited 198 euros from my account without me knowing why...) you will then be contacted by a ""specialist employee ""Shouted at in a very unfriendly way on the phone, I didn't even know what I had done wrong... I just wanted to know why I suddenly had to pay so much... The answer then came from the apparently overburdened or frustrated gentleman.. . He told me: ""We're not Caritas."" I don't think you have to put up with something like that. Simply an impudence. This insurance is simply of no standard. NEVER AGAIN!!!!!!!!",-0.99,Negative,,then,27,
50,Cheater! DESPITE INSURANCE I received an invoice for 400e which supposedly Uniqa had to cover. Scammer.. I canceled my contract and would recommend anyone,-0.99,Negative,,will,26,
51,"Agreed insurance conditions are constantly being attempted to be avoided (e.g. prescription fees are not reimbursed on the grounds that they were not prescribed by a doctor). Furthermore, people sometimes wait over 4 months for medical costs to be repaid. Very bad service.",-0.98,Negative,,or,25,
52,"FlexSolution - after 14 years of monthly deposits, I now receive ~ 20% less than I originally paid in, even though the global stock market has risen many times over. Incredible!",-0.99,Negative,,very,25,
53,"Big scam!!!! They lied to me the whole time, after 3 days of cancellation, they didn't accept my cancellation and kept taking money from my account. Stay away from this UNIQA...",-0.99,Negative,,again,24,
54,"UNIQA private insurance: Package sounds good - no contact person, no response to repeated requests for telephone contact - as soon as a more expensive examination is requested, the insurance company questions everything and talks its way out of it. - regardless of the previous, the insurance benefits do not correspond to those advertised in the advice. But that may also be a consulting error",-0.97,Negative,,now,24,
55,Insurance cannot be taken out on the website or by telephone with a non-Austrian IBAN. Not even after I pointed out the EU law on IBAN discrimination to the lady on the phone and she had allegedly even asked one of her superiors.,-0.99,Negative,,we,23,
56,"You are an impudence! Talking people into contracts that can only be discussed with a lawyer. Why do you pay into your criminal club? If damage actually occurs, people will do everything they can to avoid paying. Never again ! I'll light my money beforehand, at least I know where I stand. Before I pay it back to you for a service that I only get when the Moon, Neptune, Mercury and Pluto are in a row.",-0.99,Negative,,as,23,
57,"Absolutely subterranean ‚Äúcustomer service‚Äù! I haven't received an answer to an email for SIX days now, and now I've been on hold for a solid 10 minutes.",-0.98,Negative,,even,23,
58,"Premiums are debited punctually on the 1st of the month, credit repayments take months. They are currently completely overwhelmed with their own homepage and are unable to release the credit to ensure no claims.",-0.98,Negative,,customer,23,
59,"Dear people interested in insurance from UNIQA Insurance Tirol, you should carefully consider whether people with disabilities, women, men, same-sex lovers or bisexuals should choose UNIQA Tirol, especially as foreigners; - because if the policy is stolen, the amount will simply be significantly reduced sent.- when requesting a change of agency it is stated (from the UNIQA regional directorate in Innsbruck), in writing with reasons;- here, despite registered mail with return receipt (on April 4th, 2023), there is anything but a reaction. Complaints or constructive criticism in the sense from Innovativ to maintain quality are left unanswered on the service line (via email to UNIQA in Vienna) with the reason: ""Overload"". - In the event of fraud, the relevant agency is simply overwritten and the matter is hereby resolved, or so it seems. People keep trying to sell you something other than what I want (in July 2023) I just wanted to have someone assigned to my accident insurance benefit in the event of death (I still haven't received any confirmation from the person assigned. These are my experiences with UNIQA Austria (Austria). If you long for such experiences, as a foreigner with an impairment (formerly disabled), Semitic roots and bisexual, you should take out insurance with UNIQA in Austria. Hopefully I could help you find a transparent insurance policy. Kind regards, Christian Andreas Drews",-0.98,Negative,,there,23,
60,"Update: Uniqua's actions resulted in the police issuing a notice asking us to hand over the license plates and registration papers immediately because the vehicle no longer has liability insurance. The decision was issued after Uniqua reported it! Thankfully, our insurance broker (AFB) got on the phone and corrected Uniqua's completely dubious approach! Again: HANDS OFF the UNIQUA! They seem to harm their own customers with pure intention! If there were negative star reviews, this would be the first one I would give! It's unbelievable what kind of approach this insurance company takes! Motor vehicle liability and comprehensive insurance, cancellation sent out in a timely manner. Since two people are the policyholders in this case, we were informed that the signatures of both policyholders are required for cancellation. We sent off the required letter on the same day, at the beginning of February! The answer came yesterday, March 3rd, that the vehicle liability insurance had been canceled retroactively, the comprehensive insurance remains in place. I assume this approach is intentional! Letter was drafted and sent on February 28th, no communication beforehand that only liability was affected. Then on Thursday evening you find yourself with a car that hasn't had liability insurance for three days. Thank you very much, dear Uniqua Insurance! Definitely never any insurance with you again! I've really never experienced anything like that!",-0.98,Negative,,contract,22,
61,"Legal protection insurance taken out large package after three months a case that wasn't paid for with a flimsy excuse never again, but unfortunately you have a representative who runs down your door when you have offers if you have problems you annoy him and time passes.",-0.97,Negative,,people,22,
62,"Debited as quickly as possible, but credit not deducted. Money-grubbing club",-0.97,Negative,,also,22,
63,"Not even worth a star. You get bad advice and the insurance company talks its way out of it if there is damage. Further steps will follow, don't put up with everything from this company!",-0.99,Negative,,company,22,
64,The monthly amount was still debited even though the car was already deregistered. No response despite several emails. Never again uniqa!,-0.99,Negative,,at,22,
65,"A medical report was demonstrably changed at Uniqa's request. This was then denied by the clerk. Billing for the permanent disability was incorrect - progression was ""forgotten"". During billing, no attention was drawn to a separate component of the policy that requires a much higher billing would have.Medical reports were transmitted by email without the required security according to the GDPR. (Password sent separately) Most of the time no one can be reached by phone. Delay tactics and war of attrition at its finest...Better without insurance than with Uniqa.",-0.99,Negative,,don,21,
66,"Not recommended, first they take your money and if you need something yourself they don't care.",-0.99,Negative,,because,21,
67,"Bad. Constantly changing clerks. No response to inquiries within 2 weeks.Responsible clerk cannot be reached.wozBut the debits take place on time, don't worry. :)",-0.98,Negative,,your,21,
68,"Don't ever come into my life again, even if it's the last insurance company in the world, I'll never go to that shitty Uniqa again",-0.99,Negative,,who,20,
69,"GROSS NEGLIGENCE: I am on P5, i.e. 14 years accident-free. Uniqa/VVD suddenly canceled one of my two liability insurance contracts - without giving any reason. What's interesting is that the cancellation letter NEVER reached me. Mr. HPI and Ms. EIK are witnesses to the fact that this ""registered letter"" from Uniqa/VVD NEVER arrived at my address by post. (Investigations (58199 81 GOZ7, 5842748 V2G5) by the post office yielded no results because they need the tracking number from Uniqa/VVD, but both of them are silent.) In addition, parallel to the alleged termination letter in the mail, there was no termination email from Uniqa, no termination SMS from Uniqa consultant Mario W.I drove for 14 days without liability insurance WITHOUT being properly informed of this by the liability insurance company Uniqa/VVD, and without being properly terminated.It was only when the traffic office/police told me that I should show an insurance contract, otherwise my car would be immobilized, that it became clear that Uniqa/VVD had somehow terminated the liability insurance - but the car was stuck in traffic for 14 days without insurance.Removing someone's liability insurance and not doing so making sure that you know this is GROSS NEGLIGENCE. Uniqa and VVD acted with the utmost gross negligence here. Uniqa/VVD did not respond to repeated requests to Uniqa and VVD to state the reason for the termination. Uniqa/VVD also made no comment on the missing registered letter. There was also no comment on Uniqa/VVD's liability-free driving around of insurance customers who were left in the dark. The parent company D-38110 Braunschweig, Volkswagen Auto-Versicherung AG, also did not respond. Experiences: From August 23 to October 28, 2021.",-0.99,Negative,,do,20,
70,"So this insurance is not good at all and the insurance broker is not good either. I am very dissatisfied because I only signed the contract in December and in January and December they deducted ‚Ç¨712 from me twice. Normally ‚Ç¨356 should be deducted and then I have it in the bank stopped in February, insurance agent told me I have to transfer it myself, I transferred ‚Ç¨356 and then they deduct ‚Ç¨356 from me, I don't recommend this insurance",-0.99,Negative,,pay,20,
71,Absolutely no service for older people who cannot use the Internet. Terminations are not accepted or processed. No personal advice or adjustment of existing contracts.,-0.98,Negative,,time,20,
72,"Received incorrect information from customer service by phone, then no response to my (friendly) email for weeks, then a meaningless 08/15 response, no thanks",-0.98,Negative,,service,20,
73,"Business loss insurance for the self-employed. If you are thinking about taking out business loss insurance or if you already have one, I can only recommend that you refrain from doing so or cancel the insurance. Your contract contains a clause that in the event of permanent incapacity to work, the contract will be terminated The payments will be stopped with immediate effect. In concrete terms, it works like this: a medical expert commissioned and paid by the insurance company will confirm your permanent incapacity for work after a certain period of time on the basis of the findings provided by your treating doctor. This enables the insurance company to accept your contract with immediate effect Cancel and stop payments. So if you are a doctor who has gone blind or a carpenter who has lost his hands or a locksmith who has cancer, this means permanent disability for the insurance company. Do not expect your insurance advisor to tell you about these circumstances because in most cases he doesn't know the exact details of the contract you signed or he simply doesn't care because of the expected final premium. This is a trick of the insurance companies. I can only advise you against it to transfer the prescribed premiums over years or even decades to the insurance company, which is all too happy to support active and retired athletes. In most cases there is only one loser: the gullible policyholder who lulls himself into a false sense of security.",-0.99,Negative,,all,19,
74,"Very friendly, competent lady on the phone ‚òéÔ∏è Thank you",0.99,Positive,,when,19,
75,"I received no response to an accident report submitted via the myUniqa portal. Further written inquiries via a brokerage office were answered without comment with a new version of the policy with a smaller scope of services. In my opinion, a completely inadequate service!",-0.99,Negative,,years,19,
76,"I have taken out health insurance and so far, every time I submit a medical bill that is covered by the policy, I receive the answer that no bill could be created because a doctor's inquiry is used to check whether all the information was available when the insurance was taken out. Does this mean that the insured person is assumed to have not completed the insurance application truthfully?",-0.99,Negative,,never,19,
77,"The performance so far has always been fair and transparent - but so far it has only been small things, fortunately",0.98,Positive,,so,18,
78,From October 1st The 2G rule applies to employees there... an absolute NOGO!!!,-0.99,Negative,,any,18,
79,"Despite selling the vehicle and deregistering, you continue to collect traffic legal protection insurance... UNIQA no THANK YOU",-0.99,Negative,,received,17,
80,"Do not take out ‚Äúbusiness interruption‚Äù insurance, in the event of a legitimate claim, this insurance takes legal action and as the insured person you have to prove that you were injured....",-0.99,Negative,,take,17,
81,Service is great if you want to sign a contract. Then forget.,-0.4,Negative,,has,17,
82,"Now trying to wriggle out of any obligation to pay benefits, unfortunately it is now by far the worst insurance",-0.9,Negative,,about,17,
83,Not accommodating in times of Corona,-0.7,Negative,,here,16,
84,"Extremely competent advice, high customer orientation, very good service - everything just fits",0.9,Positive,,without,16,
85,"Customer portal not working, notifications cannot be received.",-0.6,Negative,,were,16,
86,"Not good, not recommended",-0.5,Negative,,uniqua,16,
87,If I could give 0 then it would be 0!!!!!,-0.9,Negative,,sent,15,
88,Simply top notch,0.9,Positive,,money,15,
89,Claim your profile to get access to Trustpilot's free business tools and strengthen relationships with your customers.,0,Neutral,,paid,15,
90,Claim your profile to get access to Trustpilot's free business tools and strengthen relationships with your customers.,0,Neutral,,liability,15,
91,Information obtained from various external sources,0,Neutral,,email,14,
92,Wienerstadtische,0,Neutral,,accident,14,
93,21,0,Neutral,,legal,14,
94,Profile not claimed,0,Neutral,,protection,14,
95,Grazer Mutual Insurance,0,Neutral,,one,13,
96,62,0,Neutral,,should,13,
97,Profile not claimed,0,Neutral,,everything,13,
98,Alliance Austria,0,Neutral,,damage,13,
99,111,0,Neutral,,months,13,
100,Profile not claimed,0,Neutral,,like,13,
101,The companies suggested here are based on the search tendencies of other users.,0,Neutral,,would,13,
102,"On Trustpilot everyone has the opportunity to leave reviews. The author of a review can edit or delete it at any time, and the reviews will be displayed as long as the respective user account is active.",0,Neutral,,business,12,
103,Companies can invite people to submit reviews via automatic invitations. These reviews are marked ‚Äúverified‚Äù to indicate that they are real experiences. Learn more about the different types of reviews.,0,Neutral,,canceled,12,
104,"To protect our portal, we rely on a combination of specialized employees and clever technologies. Learn how we combat fake reviews.",0,Neutral,,phone,12,
105,Here you will find 8 tips for writing reviews.,0,Neutral,,get,12,
106,Verification helps ensure that these are reviews from real people about real companies.,0,Neutral,,customers,12,
107,"I wanted to take out legal protection insurance with Uniqa but based on the applications I read here, I won't take out insurance with Uniqa... That makes you think.",-0.5,Negative,,more,12,
108,4 years fully comprehensive insurance paid. 1 parking damage caused (1 liability + own comprehensive repair) and 2 times the windshield was glued by the √ñAMTC. Now suddenly contract termination by Uniqa. The worst insurance I've ever had. Apparently the Corona virus has completely destroyed the managers' brains. I advise everyone to reconsider car insurance with this insurance company.,-0.9,Negative,,simply,12,
109,"Telephone support 5 minutes ago from an employee (unfortunately I can't remember his name) regarding online entry and submission of invoices for me and my brother was excellent!! You can only wish for such employees! THANK YOU, Hans MAIER",0.9,Positive,,cancellation,12,
110,"Actually no star, but that's not possible. Local consultants are trying, but unfortunately it doesn't help. Customer service complaints went unanswered. Customers are only important when debiting the premiums. Customer service is just terrible!!!!",-0.9,Negative,,he,12,
111,"The only excuse is communication difficulties because we took out the insurance through Raiffeisen Bank. No matter what problems we have, we should contact the advisor there. Nobody cares that the advisor no longer works there and the bank has discontinued the service. I'm extremely disappointed.",-0.8,Negative,,anything,11,
112,"Never again Uniqa only problems. You want to cancel your contract. I haven't received any answers by email since November. Only the Uniqa standard that you received. Today, after the 3rd phone call on the topic, she told me in all seriousness that I can't cancel at all the broker can do that and that my notice period has expired (of course if you don't respond to the emails). And the broker thing is legally nonsense, after all my contract says Uniqa. Well, everything will now go to the legal protection if something doesn't happen soon. I'm fed up with Uniqa.",-0.9,Negative,,long,11,
113,"I took out health insurance with UNIQA in January 2023. The policy was already expensive, but I was assured that the prices were stable and the support was good. Now it's only been 1 year and they're announcing the third policy increase! With every submission you have to submit countless documents, many benefits are rejected and you have to discuss and now this. Overall, the insurance was increased by over ‚Ç¨60 in one year and the benefit amount for individual services was even reduced by ‚Ç¨75. In addition, the change is uploaded to the portal on a weekend, 9 days before it comes into force, and the consumer is not even informed about it. I would advise against anyone getting insurance here",-0.9,Negative,,unfortunately,11,
114,"Called 2 times, 2 times after connecting and waiting at the right department...just hung up!!! Hahaaaa, says it all",-0.9,Negative,,something,10,
115,"I simply canceled my accident insurance because I had accident damage. But what's the point of having accident insurance if you're not allowed to use it? My children are also attached to the insurance, they are now also hanging in the air. I will certainly no longer take out insurance with this insurance as soon as they have to pay more than they earn, you will be thrown out. Bad insurance.",-0.8,Negative,,am,10,
116,"Only problems! Was a customer for years - you don't get an answer to emails, the call center is a disaster and unfriendly - I don't know the answers to my questions and even though I canceled my insurance months ago (also with the biggest problems - with lots of phone calls and writing letters) I get now post again that I should announce my annual sales of my business! No more Uniqa! Thanks!",-0.9,Negative,,answer,10,
117,"On November 28th, Sparkasse announced that the standing orders that had previously been made by Raiffeisenbank should be debited immediately from Sparkasse. It works for 20 direct debit orders, but not for Uniqa. The money was debited from both banks. My Uniqa advisor is also very inappropriate. When appointments were made, they are not kept.",-0.9,Negative,,just,10,
118,Case processing is delayed. You don't get any clear instructions; people keep claiming that you're taking care of cases and then don't do anything. Really looks like a tactic. Just don't take out insurance with Uniqa,-0.9,Negative,,problems,10,
119,After 20 years of paying in for a life insurance product. If canceled on the guaranteed deadline. 0 interest!!!! Fraudulent products. No transparency. Not recommendable. All I can say is stay away. Nobody is responsible at once. Shame yourself,-0.9,Negative,,didn,10,
120,"Accident causation is the magic word! My accident has been being processed for an incredible 3 years! I had to do 3 reports for a knee injury. The money is shoved up the appraisers' asses, the actual customer (who hasn't had a single accident in 15 years) is apparently worth 0.0! Stay away from Accident&Compact! It's all a huge farce!",-0.9,Negative,,what,10,
121,"After a cellar break-in with theft of wheels, nothing has happened for 4 weeks. An expert was sent (for whatever) when debiting the premiums they are quick in the event of damage. Unfortunately there is no additional information for customers if you don't follow up yourself. After processing, all contracts will be terminated Because that's not how you treat customers",-0.9,Negative,,good,10,
122,"When paying out my mother's life insurance, Uniqa used a stalling tactic that is very dubious and not praiseworthy. I cannot recommend Uniqa and I am glad that I have my insurance with another company. You have insurance that you can If times are bad, you get help quickly, you take out insurance for that, if the insured event occurs, Uniqa lets you down, puts you off, delays, ... if you mention that you want to contact consumer protection, then they threaten that it will take even longer goes.",-0.9,Negative,,vvd,10,
123,"I am very disappointed with uniqua! Not only is the performance of the fund managers very weak (-10% in the last 3 years, in comparison DAX approx. +10%, MSCi World +20%), the customer service is also very weak! When billing the fund life insurance, the deposit value was simply announced, how the deposit value was determined is apparently of no interest to the customer! It's a shame, you can't recommend uniqua!",-0.9,Negative,,insured,9,
124,I can only advise against taking out insurance with UNIQA. They want to tell me that I should first arrange my trip cancellation through credit card insurance...you would pay the rest. That's why I took out travel cancellation insurance!! Sheer nonsense. Go to a lawyer immediately - I won't even bother with that. But for people without a lawyer - go somewhere else.,-0.9,Negative,,than,9,
125,"Bad experience, you are not treated like a customer here. Apparently they forget that they make a living from their customers - so if you want paid enemies, you're in good hands here - of course there are exceptions: My supervisor is great! But the supervisors who are good don't really have many skills and those who decide have no idea or simply ignore the fact that if they continue like this they will have fewer and fewer customers.Self-reflection is a foreign word here and that's why In my opinion one star is too much.",-0.9,Negative,,off,9,
126,"I don't know why no satisfied customers write here. I can only say the best about my supervisor Hubert Hartmann. Very competent and extremely courteous and reliable. No matter whether by email, WhatsApp or call. Everything will be done immediately. Thanks. Ingeborg Koch",0.9,Positive,,why,9,
,,,,,being,9,
,,,,,advisor,9,
,,,,,over,9,
,,,,,life,9,
,,,,,times,9,
,,,,,letter,9,
,,,,,austria,9,
,,,,,bad,9,
,,,,,reviews,9,
,,,,,new,8,
,,,,,cancel,8,
,,,,,first,8,
,,,,,away,8,
,,,,,thank,8,
,,,,,since,8,
,,,,,medical,8,
,,,,,which,8,
,,,,,though,8,
,,,,,doctor,8,
,,,,,know,8,
,,,,,want,8,
,,,,,two,8,
,,,,,2,7,
,,,,,contact,7,
,,,,,days,7,
,,,,,always,7,
,,,,,three,7,
,,,,,their,7,
,,,,,several,7,
,,,,,premium,7,
,,,,,stay,7,
,,,,,address,7,
,,,,,wanted,7,
,,,,,nothing,7,
,,,,,call,7,
,,,,,paying,7,
,,,,,advise,7,
,,,,,told,7,
,,,,,termination,7,
,,,,,really,7,
,,,,,terminated,7,
,,,,,doesn,7,
,,,,,took,7,
,,,,,questions,7,
,,,,,policy,7,
,,,,,3,6,
,,,,,20,6,
,,,,,already,6,
,,,,,ve,6,
,,,,,m,6,
,,,,,longer,6,
,,,,,benefits,6,
,,,,,contracts,6,
,,,,,almost,6,
,,,,,could,6,
,,,,,did,6,
,,,,,she,6,
,,,,,such,6,
,,,,,receive,6,
,,,,,cannot,6,
,,,,,premiums,6,
,,,,,into,6,
,,,,,still,6,
,,,,,these,6,
,,,,,car,6,
,,,,,notice,6,
,,,,,year,6,
,,,,,lawyer,6,
,,,,,vehicle,6,
,,,,,apparently,6,
,,,,,much,6,
,,,,,recommend,6,
,,,,,debited,6,
,,,,,up,6,
,,,,,response,6,
,,,,,event,6,
,,,,,0,5,
,,,,,4,5,
,,,,,10,5,
,,,,,via,5,
,,,,,us,5,
,,,,,great,5,
,,,,,staff,5,
,,,,,left,5,
,,,,,care,5,
,,,,,interruption,5,
,,,,,reach,5,
,,,,,waiting,5,
,,,,,euros,5,
,,,,,hands,5,
,,,,,haven,5,
,,,,,trying,5,
,,,,,them,5,
,,,,,either,5,
,,,,,suddenly,5,
,,,,,how,5,
,,,,,work,5,
,,,,,single,5,
,,,,,ever,5,
,,,,,reached,5,
,,,,,answered,5,
,,,,,writing,5,
,,,,,amount,5,
,,,,,claim,5,
,,,,,our,5,
,,,,,office,5,
,,,,,his,5,
,,,,,him,5,
,,,,,immediately,5,
,,,,,taken,5,
,,,,,old,5,
,,,,,advice,5,
,,,,,star,5,
,,,,,portal,5,
,,,,,cases,5,
,,,,,1st,5,
,,,,,companies,5,
,,,,,credit,5,
,,,,,broker,5,
,,,,,re,5,
,,,,,profile,5,
,,,,,5,4,
,,,,,14,4,
,,,,,15,4,
,,,,,100,4,
,,,,,2023,4,
,,,,,required,4,
,,,,,informed,4,
,,,,,called,4,
,,,,,written,4,
,,,,,confirmation,4,
,,,,,put,4,
,,,,,incorrect,4,
,,,,,anyone,4,
,,,,,inquiries,4,
,,,,,keep,4,
,,,,,last,4,
,,,,,beforehand,4,
,,,,,say,4,
,,,,,support,4,
,,,,,monthly,4,
,,,,,ll,4,
,,,,,same,4,
,,,,,emails,4,
,,,,,post,4,
,,,,,processed,4,
,,,,,comes,4,
,,,,,debits,4,
,,,,,down,4,
,,,,,need,4,
,,,,,costs,4,
,,,,,competent,4,
,,,,,best,4,
,,,,,health,4,
,,,,,claimed,4,
,,,,,before,4,
,,,,,examination,4,
,,,,,asked,4,
,,,,,documents,4,
,,,,,requested,4,
,,,,,idea,4,
,,,,,account,4,
,,,,,most,4,
,,,,,every,4,
,,,,,respond,4,
,,,,,back,4,
,,,,,different,4,
,,,,,many,4,
,,,,,third,4,
,,,,,other,4,
,,,,,made,4,
,,,,,real,4,
,,,,,submit,4,
,,,,,request,4,
,,,,,too,4,
,,,,,processing,4,
,,,,,thanks,4,
,,,,,soon,4,
,,,,,went,4,
,,,,,ago,4,
,,,,,impudence,4,
,,,,,way,4,
,,,,,employees,4,
,,,,,give,4,
,,,,,case,4,
,,,,,despite,4,
,,,,,taking,4,
,,,,,person,4,
,,,,,completely,4,
,,,,,experiences,4,
,,,,,comprehensive,4,
,,,,,yourself,4,
,,,,,billing,4,
,,,,,permanent,4,
,,,,,go,4,
,,,,,free,4,
,,,,,information,4,
,,,,,far,4,
,,,,,1,3,
,,,,,356,3,
,,,,,house,3,
,,,,,write,3,
,,,,,see,3,
,,,,,automatic,3,
,,,,,calls,3,
,,,,,incompetent,3,
,,,,,negative,3,
,,,,,claims,3,
,,,,,based,3,
,,,,,reasons,3,
,,,,,example,3,
,,,,,denied,3,
,,,,,responsible,3,
,,,,,month,3,
,,,,,direct,3,
,,,,,november,3,
,,,,,repeated,3,
,,,,,start,3,
,,,,,according,3,
,,,,,signed,3,
,,,,,yes,3,
,,,,,happened,3,
,,,,,additional,3,
,,,,,little,3,
,,,,,said,3,
,,,,,enough,3,
,,,,,employee,3,
,,,,,certain,3,
,,,,,think,3,
,,,,,bill,3,
,,,,,dubious,3,
,,,,,mail,3,
,,,,,done,3,
,,,,,found,3,
,,,,,further,3,
,,,,,mention,3,
,,,,,says,3,
,,,,,consultant,3,
,,,,,unfriendly,3,
,,,,,increase,3,
,,,,,allowed,3,
,,,,,tell,3,
,,,,,clear,3,
,,,,,payment,3,
,,,,,things,3,
,,,,,immediate,3,
,,,,,effect,3,
,,,,,data,3,
,,,,,absolutely,3,
,,,,,constantly,3,
,,,,,where,3,
,,,,,period,3,
,,,,,came,3,
,,,,,invoices,3,
,,,,,answers,3,
,,,,,pure,3,
,,,,,rip,3,
,,,,,wasn,3,
,,,,,cover,3,
,,,,,use,3,
,,,,,relationships,3,
,,,,,club,3,
,,,,,although,3,
,,,,,etc,3,
,,,,,someone,3,
,,,,,motor,3,
,,,,,forget,3,
,,,,,kept,3,
,,,,,end,3,
,,,,,disappointed,3,
,,,,,reaction,3,
,,,,,family,3,
,,,,,opinion,3,
,,,,,rejection,3,
,,,,,covered,3,
,,,,,dear,3,
,,,,,everyone,3,
,,,,,quickly,3,
,,,,,moved,3,
,,,,,supervisor,3,
,,,,,number,3,
,,,,,interest,3,
,,,,,beginning,3,
,,,,,october,3,
,,,,,december,3,
,,,,,satisfied,3,
,,,,,sign,3,
,,,,,interview,3,
,,,,,austrian,3,
,,,,,tried,3,
,,,,,august,3,
,,,,,scrum,3,
,,,,,report,3,
,,,,,complaints,3,
,,,,,shame,3,
,,,,,possible,3,
,,,,,name,3,
,,,,,won,3,
,,,,,continue,3,
,,,,,self,3,
,,,,,ignore,3,
,,,,,value,3,
,,,,,e,3,
,,,,,expensive,3,
,,,,,telephone,3,
,,,,,its,3,
,,,,,own,3,
,,,,,whether,3,
,,,,,registered,3,
,,,,,reason,3,
,,,,,matter,3,
,,,,,help,3,
,,,,,find,3,
,,,,,approach,3,
,,,,,both,3,
,,,,,february,3,
,,,,,deducted,3,
,,,,,weeks,3,
,,,,,gross,3,
,,,,,negligence,3,
,,,,,traffic,3,
,,,,,comment,3,
,,,,,bank,3,
,,,,,works,3,
,,,,,against,3,
,,,,,extremely,3,
,,,,,trustpilot,3,
,,,,,2010,2,
,,,,,2020,2,
,,,,,2021,2,
,,,,,experienced,2,
,,,,,unprofessional,2,
,,,,,previously,2,
,,,,,owner,2,
,,,,,attached,2,
,,,,,few,2,
,,,,,register,2,
,,,,,welcome,2,
,,,,,twice,2,
,,,,,signatures,2,
,,,,,letters,2,
,,,,,rejected,2,
,,,,,option,2,
,,,,,file,2,
,,,,,lawsuit,2,
,,,,,older,2,
,,,,,while,2,
,,,,,due,2,
,,,,,compensation,2,
,,,,,pain,2,
,,,,,sure,2,
,,,,,april,2,
,,,,,right,2,
,,,,,wait,2,
,,,,,making,2,
,,,,,exactly,2,
,,,,,choose,2,
,,,,,definitely,2,
,,,,,wrong,2,
,,,,,000,2,
,,,,,break,2,
,,,,,others,2,
,,,,,consider,2,
,,,,,unbelievable,2,
,,,,,treat,2,
,,,,,household,2,
,,,,,myself,2,
,,,,,colleague,2,
,,,,,parent,2,
,,,,,thought,2,
,,,,,worry,2,
,,,,,thrown,2,
,,,,,deposits,2,
,,,,,around,2,
,,,,,future,2,
,,,,,provision,2,
,,,,,repair,2,
,,,,,lucky,2,
,,,,,neither,2,
,,,,,nor,2,
,,,,,level,2,
,,,,,decades,2,
,,,,,payout,2,
,,,,,less,2,
,,,,,ripped,2,
,,,,,march,2,
,,,,,submitted,2,
,,,,,later,2,
,,,,,absolute,2,
,,,,,conversation,2,
,,,,,consultants,2,
,,,,,look,2,
,,,,,discussed,2,
,,,,,husband,2,
,,,,,intervertebral,2,
,,,,,discs,2,
,,,,,treated,2,
,,,,,giving,2,
,,,,,injured,2,
,,,,,receipt,2,
,,,,,better,2,
,,,,,contributions,2,
,,,,,zero,2,
,,,,,supposedly,2,
,,,,,decision,2,
,,,,,excellent,2,
,,,,,expected,2,
,,,,,arrange,2,
,,,,,wife,2,
,,,,,day,2,
,,,,,her,2,
,,,,,personal,2,
,,,,,expect,2,
,,,,,least,2,
,,,,,stuck,2,
,,,,,extended,2,
,,,,,law,2,
,,,,,refuses,2,
,,,,,media,2,
,,,,,somehow,2,
,,,,,foreign,2,
,,,,,lousy,2,
,,,,,4th,2,
,,,,,changed,2,
,,,,,talking,2,
,,,,,terms,2,
,,,,,conditions,2,
,,,,,makes,2,
,,,,,private,2,
,,,,,adjustment,2,
,,,,,complete,2,
,,,,,waste,2,
,,,,,lot,2,
,,,,,vienna,2,
,,,,,helped,2,
,,,,,previous,2,
,,,,,instead,2,
,,,,,contacted,2,
,,,,,probably,2,
,,,,,return,2,
,,,,,today,2,
,,,,,during,2,
,,,,,actual,2,
,,,,,annual,2,
,,,,,loan,2,
,,,,,heard,2,
,,,,,tactics,2,
,,,,,may,2,
,,,,,delayed,2,
,,,,,large,2,
,,,,,applications,2,
,,,,,effort,2,
,,,,,interviewee,2,
,,,,,jealous,2,
,,,,,saw,2,
,,,,,knew,2,
,,,,,under,2,
,,,,,second,2,
,,,,,wouldn,2,
,,,,,let,2,
,,,,,face,2,
,,,,,whole,2,
,,,,,fees,2,
,,,,,quite,2,
,,,,,carried,2,
,,,,,visit,2,
,,,,,obligation,2,
,,,,,avoid,2,
,,,,,higher,2,
,,,,,2g,2,
,,,,,highly,2,
,,,,,collect,2,
,,,,,employed,2,
,,,,,basis,2,
,,,,,criminal,2,
,,,,,ukraine,2,
,,,,,local,2,
,,,,,existing,2,
,,,,,compared,2,
,,,,,significantly,2,
,,,,,stubborn,2,
,,,,,final,2,
,,,,,timely,2,
,,,,,manner,2,
,,,,,deadline,2,
,,,,,standard,2,
,,,,,prescribed,2,
,,,,,incredible,2,
,,,,,accept,2,
,,,,,package,2,
,,,,,requests,2,
,,,,,talks,2,
,,,,,those,2,
,,,,,iban,2,
,,,,,lady,2,
,,,,,actually,2,
,,,,,occurs,2,
,,,,,minutes,2,
,,,,,ensure,2,
,,,,,tirol,2,
,,,,,reduced,2,
,,,,,change,2,
,,,,,agency,2,
,,,,,sense,2,
,,,,,unanswered,2,
,,,,,assigned,2,
,,,,,benefit,2,
,,,,,transparent,2,
,,,,,kind,2,
,,,,,police,2,
,,,,,takes,2,
,,,,,policyholders,2,
,,,,,3rd,2,
,,,,,place,2,
,,,,,28th,2,
,,,,,communication,2,
,,,,,hasn,2,
,,,,,excuse,2,
,,,,,worth,2,
,,,,,follow,2,
,,,,,clerk,2,
,,,,,disability,2,
,,,,,reports,2,
,,,,,security,2,
,,,,,recommended,2,
,,,,,world,2,
,,,,,fact,2,
,,,,,addition,2,
,,,,,properly,2,
,,,,,doing,2,
,,,,,january,2,
,,,,,stopped,2,
,,,,,transfer,2,
,,,,,friendly,2,
,,,,,loss,2,
,,,,,incapacity,2,
,,,,,payments,2,
,,,,,expert,2,
,,,,,active,2,
,,,,,services,2,
,,,,,used,2,
,,,,,performance,2,
,,,,,worst,2,
,,,,,corona,2,
,,,,,access,2,
,,,,,tools,2,
,,,,,strengthen,2,
,,,,,learn,2,
,,,,,managers,2,
,,,,,submission,2,
,,,,,debiting,2,
,,,,,through,2,
,,,,,nobody,2,
,,,,,course,2,
,,,,,nonsense,2,
,,,,,consumer,2,
,,,,,sparkasse,2,
,,,,,announced,2,
,,,,,orders,2,
,,,,,tactic,2,
,,,,,word,2,
,,,,,fund,2,
,,,,,weak,2,
,,,,,deposit,2,
,,,,,fewer,2,
,,,,,8,1,
,,,,,9,1,
,,,,,12,1,
,,,,,21,1,
,,,,,23,1,
,,,,,24,1,
,,,,,28,1,
,,,,,30,1,
,,,,,40,1,
,,,,,60,1,
,,,,,62,1,
,,,,,75,1,
,,,,,81,1,
,,,,,87,1,
,,,,,95,1,
,,,,,111,1,
,,,,,198,1,
,,,,,200,1,
,,,,,300,1,
,,,,,480,1,
,,,,,481,1,
,,,,,712,1,
,,,,,1000,1,
,,,,,2016,1,
,,,,,2019,1,
,,,,,38110,1,
,,,,,58199,1,
,,,,,5842748,1,
,,,,,rarely,1,
,,,,,purchased,1,
,,,,,form,1,
,,,,,purchase,1,
,,,,,please,1,
,,,,,worked,1,
,,,,,land,1,
,,,,,circus,1,
,,,,,cancellations,1,
,,,,,anymore,1,
,,,,,names,1,
,,,,,mostly,1,
,,,,,justified,1,
,,,,,technically,1,
,,,,,factually,1,
,,,,,spa,1,
,,,,,rib,1,
,,,,,fractures,1,
,,,,,lack,1,
,,,,,suffering,1,
,,,,,criminals,1,
,,,,,advantage,1,
,,,,,charged,1,
,,,,,discount,1,
,,,,,torn,1,
,,,,,ligament,1,
,,,,,cheekiness,1,
,,,,,remuneration,1,
,,,,,repeatedly,1,
,,,,,refused,1,
,,,,,capable,1,
,,,,,save,1,
,,,,,ok,1,
,,,,,excuses,1,
,,,,,mine,1,
,,,,,reputable,1,
,,,,,assumes,1,
,,,,,amounting,1,
,,,,,nasty,1,
,,,,,victim,1,
,,,,,lurch,1,
,,,,,wet,1,
,,,,,apartment,1,
,,,,,must,1,
,,,,,broken,1,
,,,,,defend,1,
,,,,,dropped,1,
,,,,,glasses,1,
,,,,,garnix,1,
,,,,,minors,1,
,,,,,turned,1,
,,,,,discussions,1,
,,,,,sum,1,
,,,,,subsidized,1,
,,,,,financial,1,
,,,,,performances,1,
,,,,,speculate,1,
,,,,,water,1,
,,,,,date,1,
,,,,,forever,1,
,,,,,wading,1,
,,,,,queue,1,
,,,,,apology,1,
,,,,,friendliness,1,
,,,,,deal,1,
,,,,,next,1,
,,,,,deals,1,
,,,,,24th,1,
,,,,,notices,1,
,,,,,conclusion,1,
,,,,,forwarded,1,
,,,,,chance,1,
,,,,,disgrace,1,
,,,,,punctual,1,
,,,,,reimbursement,1,
,,,,,run,1,
,,,,,impossible,1,
,,,,,anyway,1,
,,,,,poor,1,
,,,,,knowledge,1,
,,,,,angry,1,
,,,,,head,1,
,,,,,whom,1,
,,,,,complaint,1,
,,,,,praise,1,
,,,,,solutions,1,
,,,,,necessarily,1,
,,,,,considered,1,
,,,,,inflation,1,
,,,,,related,1,
,,,,,therapy,1,
,,,,,medication,1,
,,,,,treatment,1,
,,,,,began,1,
,,,,,skiing,1,
,,,,,started,1,
,,,,,daughter,1,
,,,,,discreet,1,
,,,,,concluding,1,
,,,,,causing,1,
,,,,,reliably,1,
,,,,,upon,1,
,,,,,postponed,1,
,,,,,sad,1,
,,,,,promises,1,
,,,,,headquarters,1,
,,,,,accounting,1,
,,,,,throw,1,
,,,,,danube,1,
,,,,,operate,1,
,,,,,popular,1,
,,,,,austrians,1,
,,,,,incomprehensible,1,
,,,,,hips,1,
,,,,,withdraw,1,
,,,,,russia,1,
,,,,,some,1,
,,,,,rbi,1,
,,,,,heinz,1,
,,,,,herta,1,
,,,,,lumpe,1,
,,,,,mess,1,
,,,,,certificates,1,
,,,,,knowingly,1,
,,,,,assessed,1,
,,,,,incorrectly,1,
,,,,,deleted,1,
,,,,,crying,1,
,,,,,mood,1,
,,,,,insulted,1,
,,,,,harassed,1,
,,,,,humiliated,1,
,,,,,greeting,1,
,,,,,morning,1,
,,,,,imagine,1,
,,,,,bitter,1,
,,,,,reality,1,
,,,,,values,1,
,,,,,property,1,
,,,,,offer,1,
,,,,,similar,1,
,,,,,lead,1,
,,,,,week,1,
,,,,,literally,1,
,,,,,proper,1,
,,,,,highest,1,
,,,,,include,1,
,,,,,labor,1,
,,,,,vacation,1,
,,,,,rtl,1,
,,,,,exert,1,
,,,,,bit,1,
,,,,,pressure,1,
,,,,,representation,1,
,,,,,express,1,
,,,,,itself,1,
,,,,,seminars,1,
,,,,,field,1,
,,,,,barcelona,1,
,,,,,ladies,1,
,,,,,gentlemen,1,
,,,,,hear,1,
,,,,,each,1,
,,,,,rare,1,
,,,,,diligently,1,
,,,,,reminders,1,
,,,,,try,1,
,,,,,explain,1,
,,,,,verse,1,
,,,,,necessary,1,
,,,,,mindless,1,
,,,,,puppets,1,
,,,,,amen,1,
,,,,,refer,1,
,,,,,title,1,
,,,,,secret,1,
,,,,,closing,1,
,,,,,tiny,1,
,,,,,detail,1,
,,,,,catastrophic,1,
,,,,,settlement,1,
,,,,,hell,1,
,,,,,infinitely,1,
,,,,,complicated,1,
,,,,,talk,1,
,,,,,innovations,1,
,,,,,digitalization,1,
,,,,,pdfs,1,
,,,,,print,1,
,,,,,scan,1,
,,,,,confusing,1,
,,,,,policies,1,
,,,,,idiot,1,
,,,,,recently,1,
,,,,,helicopter,1,
,,,,,difficult,1,
,,,,,terrain,1,
,,,,,son,1,
,,,,,stung,1,
,,,,,wasp,1,
,,,,,allergic,1,
,,,,,expensively,1,
,,,,,cost,1,
,,,,,hospital,1,
,,,,,accompanied,1,
,,,,,promise,1,
,,,,,reifeeisen,1,
,,,,,warn,1,
,,,,,throwing,1,
,,,,,given,1,
,,,,,replace,1,
,,,,,unlucky,1,
,,,,,gotten,1,
,,,,,trouble,1,
,,,,,canceling,1,
,,,,,cross,1,
,,,,,border,1,
,,,,,commuter,1,
,,,,,deduction,1,
,,,,,overreacted,1,
,,,,,panic,1,
,,,,,reacted,1,
,,,,,agree,1,
,,,,,speakers,1,
,,,,,forgot,1,
,,,,,enter,1,
,,,,,slip,1,
,,,,,remained,1,
,,,,,hired,1,
,,,,,personally,1,
,,,,,laborious,1,
,,,,,officials,1,
,,,,,central,1,
,,,,,master,1,
,,,,,employer,1,
,,,,,automated,1,
,,,,,human,1,
,,,,,influence,1,
,,,,,pleasure,1,
,,,,,fee,1,
,,,,,responded,1,
,,,,,regularly,1,
,,,,,apart,1,
,,,,,going,1,
,,,,,trustworthy,1,
,,,,,consultation,1,
,,,,,led,1,
,,,,,believe,1,
,,,,,unfounded,1,
,,,,,describe,1,
,,,,,honest,1,
,,,,,repurchase,1,
,,,,,credits,1,
,,,,,optimal,1,
,,,,,delaying,1,
,,,,,film,1,
,,,,,worthy,1,
,,,,,collecting,1,
,,,,,careful,1,
,,,,,afraid,1,
,,,,,commission,1,
,,,,,feel,1,
,,,,,towards,1,
,,,,,generally,1,
,,,,,advisors,1,
,,,,,uncertainty,1,
,,,,,origin,1,
,,,,,laugh,1,
,,,,,stress,1,
,,,,,man,1,
,,,,,organized,1,
,,,,,partners,1,
,,,,,except,1,
,,,,,participate,1,
,,,,,interviewees,1,
,,,,,turn,1,
,,,,,camera,1,
,,,,,behavior,1,
,,,,,realized,1,
,,,,,rid,1,
,,,,,answering,1,
,,,,,connection,1,
,,,,,disconnected,1,
,,,,,reconnect,1,
,,,,,meeting,1,
,,,,,quiet,1,
,,,,,obvious,1,
,,,,,partner,1,
,,,,,descent,1,
,,,,,belittle,1,
,,,,,felt,1,
,,,,,energy,1,
,,,,,total,1,
,,,,,doctors,1,
,,,,,whose,1,
,,,,,reasonable,1,
,,,,,average,1,
,,,,,mentioned,1,
,,,,,accused,1,
,,,,,violating,1,
,,,,,headaches,1,
,,,,,neurologist,1,
,,,,,concealed,1,
,,,,,order,1,
,,,,,sold,1,
,,,,,forced,1,
,,,,,reveal,1,
,,,,,successor,1,
,,,,,true,1,
,,,,,crazy,1,
,,,,,regulation,1,
,,,,,relatives,1,
,,,,,horror,1,
,,,,,however,1,
,,,,,fortunate,1,
,,,,,become,1,
,,,,,organization,1,
,,,,,international,1,
,,,,,agreements,1,
,,,,,laws,1,
,,,,,full,1,
,,,,,damages,1,
,,,,,seminar,1,
,,,,,trained,1,
,,,,,sponsor,1,
,,,,,experts,1,
,,,,,szu,1,
,,,,,german,1,
,,,,,branch,1,
,,,,,seriously,1,
,,,,,unattainable,1,
,,,,,adjust,1,
,,,,,reduce,1,
,,,,,pressured,1,
,,,,,beneficial,1,
,,,,,competition,1,
,,,,,hearing,1,
,,,,,refund,1,
,,,,,correspondence,1,
,,,,,grace,1,
,,,,,periods,1,
,,,,,amicable,1,
,,,,,arrangement,1,
,,,,,stars,1,
,,,,,until,1,
,,,,,problem,1,
,,,,,inquire,1,
,,,,,unclear,1,
,,,,,promptly,1,
,,,,,knowing,1,
,,,,,specialist,1,
,,,,,shouted,1,
,,,,,overburdened,1,
,,,,,frustrated,1,
,,,,,gentleman,1,
,,,,,caritas,1,
,,,,,cheater,1,
,,,,,invoice,1,
,,,,,400e,1,
,,,,,scammer,1,
,,,,,agreed,1,
,,,,,attempted,1,
,,,,,avoided,1,
,,,,,g,1,
,,,,,prescription,1,
,,,,,reimbursed,1,
,,,,,grounds,1,
,,,,,furthermore,1,
,,,,,sometimes,1,
,,,,,repaid,1,
,,,,,flexsolution,1,
,,,,,originally,1,
,,,,,global,1,
,,,,,stock,1,
,,,,,market,1,
,,,,,risen,1,
,,,,,big,1,
,,,,,scam,1,
,,,,,lied,1,
,,,,,sounds,1,
,,,,,regardless,1,
,,,,,correspond,1,
,,,,,advertised,1,
,,,,,consulting,1,
,,,,,error,1,
,,,,,website,1,
,,,,,non,1,
,,,,,pointed,1,
,,,,,eu,1,
,,,,,discrimination,1,
,,,,,allegedly,1,
,,,,,superiors,1,
,,,,,light,1,
,,,,,stand,1,
,,,,,moon,1,
,,,,,neptune,1,
,,,,,mercury,1,
,,,,,pluto,1,
,,,,,row,1,
,,,,,subterranean,1,
,,,,,six,1,
,,,,,hold,1,
,,,,,solid,1,
,,,,,punctually,1,
,,,,,repayments,1,
,,,,,currently,1,
,,,,,overwhelmed,1,
,,,,,homepage,1,
,,,,,unable,1,
,,,,,release,1,
,,,,,interested,1,
,,,,,carefully,1,
,,,,,disabilities,1,
,,,,,women,1,
,,,,,men,1,
,,,,,sex,1,
,,,,,lovers,1,
,,,,,bisexuals,1,
,,,,,especially,1,
,,,,,foreigners,1,
,,,,,stolen,1,
,,,,,requesting,1,
,,,,,stated,1,
,,,,,regional,1,
,,,,,directorate,1,
,,,,,innsbruck,1,
,,,,,constructive,1,
,,,,,criticism,1,
,,,,,innovativ,1,
,,,,,maintain,1,
,,,,,quality,1,
,,,,,line,1,
,,,,,overload,1,
,,,,,fraud,1,
,,,,,relevant,1,
,,,,,overwritten,1,
,,,,,hereby,1,
,,,,,resolved,1,
,,,,,seems,1,
,,,,,sell,1,
,,,,,july,1,
,,,,,death,1,
,,,,,foreigner,1,
,,,,,impairment,1,
,,,,,formerly,1,
,,,,,disabled,1,
,,,,,semitic,1,
,,,,,roots,1,
,,,,,bisexual,1,
,,,,,hopefully,1,
,,,,,regards,1,
,,,,,christian,1,
,,,,,andreas,1,
,,,,,drews,1,
,,,,,update,1,
,,,,,actions,1,
,,,,,resulted,1,
,,,,,issuing,1,
,,,,,asking,1,
,,,,,hand,1,
,,,,,license,1,
,,,,,plates,1,
,,,,,registration,1,
,,,,,papers,1,
,,,,,issued,1,
,,,,,reported,1,
,,,,,thankfully,1,
,,,,,afb,1,
,,,,,got,1,
,,,,,corrected,1,
,,,,,seem,1,
,,,,,harm,1,
,,,,,intention,1,
,,,,,yesterday,1,
,,,,,retroactively,1,
,,,,,remains,1,
,,,,,assume,1,
,,,,,intentional,1,
,,,,,drafted,1,
,,,,,affected,1,
,,,,,thursday,1,
,,,,,evening,1,
,,,,,flimsy,1,
,,,,,representative,1,
,,,,,runs,1,
,,,,,door,1,
,,,,,offers,1,
,,,,,annoy,1,
,,,,,passes,1,
,,,,,grubbing,1,
,,,,,steps,1,
,,,,,deregistered,1,
,,,,,demonstrably,1,
,,,,,progression,1,
,,,,,forgotten,1,
,,,,,attention,1,
,,,,,drawn,1,
,,,,,separate,1,
,,,,,component,1,
,,,,,requires,1,
,,,,,transmitted,1,
,,,,,gdpr,1,
,,,,,password,1,
,,,,,separately,1,
,,,,,delay,1,
,,,,,war,1,
,,,,,attrition,1,
,,,,,finest,1,
,,,,,changing,1,
,,,,,clerks,1,
,,,,,within,1,
,,,,,wozbut,1,
,,,,,come,1,
,,,,,shitty,1,
,,,,,p5,1,
,,,,,interesting,1,
,,,,,mr,1,
,,,,,hpi,1,
,,,,,ms,1,
,,,,,eik,1,
,,,,,witnesses,1,
,,,,,arrived,1,
,,,,,investigations,1,
,,,,,goz7,1,
,,,,,v2g5,1,
,,,,,yielded,1,
,,,,,results,1,
,,,,,tracking,1,
,,,,,silent,1,
,,,,,parallel,1,
,,,,,alleged,1,
,,,,,sms,1,
,,,,,mario,1,
,,,,,w,1,
,,,,,drove,1,
,,,,,show,1,
,,,,,otherwise,1,
,,,,,immobilized,1,
,,,,,became,1,
,,,,,removing,1,
,,,,,acted,1,
,,,,,utmost,1,
,,,,,state,1,
,,,,,missing,1,
,,,,,driving,1,
,,,,,dark,1,
,,,,,d,1,
,,,,,braunschweig,1,
,,,,,volkswagen,1,
,,,,,auto,1,
,,,,,versicherung,1,
,,,,,ag,1,
,,,,,dissatisfied,1,
,,,,,normally,1,
,,,,,agent,1,
,,,,,transferred,1,
,,,,,deduct,1,
,,,,,internet,1,
,,,,,terminations,1,
,,,,,accepted,1,
,,,,,meaningless,1,
,,,,,08,1,
,,,,,thinking,1,
,,,,,refrain,1,
,,,,,contains,1,
,,,,,clause,1,
,,,,,concrete,1,
,,,,,commissioned,1,
,,,,,confirm,1,
,,,,,findings,1,
,,,,,provided,1,
,,,,,treating,1,
,,,,,enables,1,
,,,,,stop,1,
,,,,,gone,1,
,,,,,blind,1,
,,,,,carpenter,1,
,,,,,lost,1,
,,,,,locksmith,1,
,,,,,cancer,1,
,,,,,means,1,
,,,,,circumstances,1,
,,,,,exact,1,
,,,,,details,1,
,,,,,trick,1,
,,,,,happy,1,
,,,,,retired,1,
,,,,,athletes,1,
,,,,,loser,1,
,,,,,gullible,1,
,,,,,policyholder,1,
,,,,,lulls,1,
,,,,,himself,1,
,,,,,false,1,
,,,,,myuniqa,1,
,,,,,brokerage,1,
,,,,,version,1,
,,,,,smaller,1,
,,,,,scope,1,
,,,,,inadequate,1,
,,,,,created,1,
,,,,,inquiry,1,
,,,,,check,1,
,,,,,available,1,
,,,,,does,1,
,,,,,mean,1,
,,,,,assumed,1,
,,,,,completed,1,
,,,,,application,1,
,,,,,truthfully,1,
,,,,,fair,1,
,,,,,small,1,
,,,,,fortunately,1,
,,,,,rule,1,
,,,,,applies,1,
,,,,,nogo,1,
,,,,,selling,1,
,,,,,deregistering,1,
,,,,,legitimate,1,
,,,,,action,1,
,,,,,prove,1,
,,,,,wriggle,1,
,,,,,accommodating,1,
,,,,,high,1,
,,,,,orientation,1,
,,,,,fits,1,
,,,,,working,1,
,,,,,notifications,1,
,,,,,top,1,
,,,,,notch,1,
,,,,,obtained,1,
,,,,,various,1,
,,,,,external,1,
,,,,,sources,1,
,,,,,wienerstadtische,1,
,,,,,grazer,1,
,,,,,mutual,1,
,,,,,alliance,1,
,,,,,suggested,1,
,,,,,search,1,
,,,,,tendencies,1,
,,,,,users,1,
,,,,,opportunity,1,
,,,,,leave,1,
,,,,,author,1,
,,,,,review,1,
,,,,,edit,1,
,,,,,delete,1,
,,,,,displayed,1,
,,,,,respective,1,
,,,,,user,1,
,,,,,invite,1,
,,,,,invitations,1,
,,,,,marked,1,
,,,,,verified,1,
,,,,,indicate,1,
,,,,,types,1,
,,,,,protect,1,
,,,,,rely,1,
,,,,,combination,1,
,,,,,specialized,1,
,,,,,clever,1,
,,,,,technologies,1,
,,,,,combat,1,
,,,,,fake,1,
,,,,,tips,1,
,,,,,verification,1,
,,,,,helps,1,
,,,,,read,1,
,,,,,fully,1,
,,,,,parking,1,
,,,,,caused,1,
,,,,,windshield,1,
,,,,,glued,1,
,,,,,amtc,1,
,,,,,virus,1,
,,,,,destroyed,1,
,,,,,brains,1,
,,,,,reconsider,1,
,,,,,remember,1,
,,,,,regarding,1,
,,,,,online,1,
,,,,,entry,1,
,,,,,brother,1,
,,,,,wish,1,
,,,,,hans,1,
,,,,,maier,1,
,,,,,important,1,
,,,,,terrible,1,
,,,,,difficulties,1,
,,,,,raiffeisen,1,
,,,,,cares,1,
,,,,,discontinued,1,
,,,,,topic,1,
,,,,,seriousness,1,
,,,,,expired,1,
,,,,,thing,1,
,,,,,legally,1,
,,,,,well,1,
,,,,,happen,1,
,,,,,fed,1,
,,,,,assured,1,
,,,,,prices,1,
,,,,,stable,1,
,,,,,announcing,1,
,,,,,countless,1,
,,,,,discuss,1,
,,,,,overall,1,
,,,,,increased,1,
,,,,,individual,1,
,,,,,uploaded,1,
,,,,,weekend,1,
,,,,,force,1,
,,,,,getting,1,
,,,,,connecting,1,
,,,,,department,1,
,,,,,hung,1,
,,,,,hahaaaa,1,
,,,,,point,1,
,,,,,having,1,
,,,,,children,1,
,,,,,hanging,1,
,,,,,air,1,
,,,,,certainly,1,
,,,,,earn,1,
,,,,,center,1,
,,,,,disaster,1,
,,,,,biggest,1,
,,,,,lots,1,
,,,,,announce,1,
,,,,,sales,1,
,,,,,standing,1,
,,,,,raiffeisenbank,1,
,,,,,debit,1,
,,,,,banks,1,
,,,,,inappropriate,1,
,,,,,appointments,1,
,,,,,instructions,1,
,,,,,claiming,1,
,,,,,looks,1,
,,,,,product,1,
,,,,,guaranteed,1,
,,,,,fraudulent,1,
,,,,,products,1,
,,,,,transparency,1,
,,,,,recommendable,1,
,,,,,once,1,
,,,,,causation,1,
,,,,,magic,1,
,,,,,knee,1,
,,,,,injury,1,
,,,,,shoved,1,
,,,,,appraisers,1,
,,,,,asses,1,
,,,,,compact,1,
,,,,,huge,1,
,,,,,farce,1,
,,,,,cellar,1,
,,,,,theft,1,
,,,,,wheels,1,
,,,,,whatever,1,
,,,,,quick,1,
,,,,,mother,1,
,,,,,stalling,1,
,,,,,praiseworthy,1,
,,,,,glad,1,
,,,,,another,1,
,,,,,lets,1,
,,,,,puts,1,
,,,,,delays,1,
,,,,,threaten,1,
,,,,,goes,1,
,,,,,comparison,1,
,,,,,dax,1,
,,,,,approx,1,
,,,,,msci,1,
,,,,,determined,1,
,,,,,trip,1,
,,,,,card,1,
,,,,,rest,1,
,,,,,travel,1,
,,,,,sheer,1,
,,,,,bother,1,
,,,,,somewhere,1,
,,,,,else,1,
,,,,,experience,1,
,,,,,make,1,
,,,,,living,1,
,,,,,enemies,1,
,,,,,exceptions,1,
,,,,,supervisors,1,
,,,,,skills,1,
,,,,,decide,1,
,,,,,reflection,1,
,,,,,hubert,1,
,,,,,hartmann,1,
,,,,,courteous,1,
,,,,,reliable,1,
,,,,,whatsapp,1,
,,,,,ingeborg,1,
,,,,,koch,1,